<?xml version="1.0" encoding="utf-8" ?>
<dwsync>
<file name="_stacked.scss" server="julian.isenselabs.com:1022" local="130555212350000000" remote="130555212350000000" Dst="2" />
<file name="_icons.scss" server="julian.isenselabs.com:1022" local="130555212340000000" remote="130555212340000000" Dst="2" />
<file name="_larger.scss" server="julian.isenselabs.com:1022" local="130555212340000000" remote="130555212340000000" Dst="2" />
<file name="_variables.scss" server="julian.isenselabs.com:1022" local="130555212350000000" remote="130555212350000000" Dst="2" />
<file name="font-awesome.scss" server="julian.isenselabs.com:1022" local="130555212340000000" remote="130555212340000000" Dst="2" />
<file name="_fixed-width.scss" server="julian.isenselabs.com:1022" local="130555212340000000" remote="130555212340000000" Dst="2" />
<file name="_list.scss" server="julian.isenselabs.com:1022" local="130555212340000000" remote="130555212340000000" Dst="2" />
<file name="_mixins.scss" server="julian.isenselabs.com:1022" local="130555212350000000" remote="130555212350000000" Dst="2" />
<file name="_rotated-flipped.scss" server="julian.isenselabs.com:1022" local="130555212350000000" remote="130555212350000000" Dst="2" />
<file name="_bordered-pulled.scss" server="julian.isenselabs.com:1022" local="130555212340000000" remote="130555212340000000" Dst="2" />
<file name="_path.scss" server="julian.isenselabs.com:1022" local="130555212350000000" remote="130555212350000000" Dst="2" />
<file name="_spinning.scss" server="julian.isenselabs.com:1022" local="130555212350000000" remote="130555212350000000" Dst="2" />
<file name="_core.scss" server="julian.isenselabs.com:1022" local="130555212340000000" remote="130555212340000000" Dst="2" />
</dwsync>