<?xml version="1.0" encoding="utf-8" ?>
<dwsync>
<file name="core.less" server="julian.isenselabs.com:1022" local="130555212340000000" remote="130555212340000000" Dst="2" />
<file name="list.less" server="julian.isenselabs.com:1022" local="130555212340000000" remote="130555212340000000" Dst="2" />
<file name="rotated-flipped.less" server="julian.isenselabs.com:1022" local="130555212340000000" remote="130555212340000000" Dst="2" />
<file name="font-awesome.less" server="julian.isenselabs.com:1022" local="130555212340000000" remote="130555212340000000" Dst="2" />
<file name="variables.less" server="julian.isenselabs.com:1022" local="130555212340000000" remote="130555212340000000" Dst="2" />
<file name="larger.less" server="julian.isenselabs.com:1022" local="130555212340000000" remote="130555212340000000" Dst="2" />
<file name="spinning.less" server="julian.isenselabs.com:1022" local="130555212340000000" remote="130555212340000000" Dst="2" />
<file name="icons.less" server="julian.isenselabs.com:1022" local="130555212340000000" remote="130555212340000000" Dst="2" />
<file name="bordered-pulled.less" server="julian.isenselabs.com:1022" local="130555212340000000" remote="130555212340000000" Dst="2" />
<file name="fixed-width.less" server="julian.isenselabs.com:1022" local="130555212340000000" remote="130555212340000000" Dst="2" />
<file name="mixins.less" server="julian.isenselabs.com:1022" local="130555212340000000" remote="130555212340000000" Dst="2" />
<file name="stacked.less" server="julian.isenselabs.com:1022" local="130555212340000000" remote="130555212340000000" Dst="2" />
<file name="path.less" server="julian.isenselabs.com:1022" local="130555212340000000" remote="130555212340000000" Dst="2" />
</dwsync>